method,run,overlap,time
ASDETECT,1,NaN,0.8372803619968181
ASSWDETECT,1,0.0,0.862102084000071
ASSWDETECT,1,0.1,1.0044066959999327
ASSWDETECT,1,0.25,1.2015846020003664
ASSWDETECT,1,0.5,1.6983821020003234
ASSWDETECT,1,0.75,2.8519646230015496
